geo,name,1991,1992,1993,1994,1995,1996,1997,1998,1999,2000,2001,2002,2003,2004,2005,2006,2007,2008,2009,2010,2011,2012,2013,2014,2015,2016,2017,2018,2019,2020,2021,2022,2023
afg,Afghanistan,38.63295,38.4659,38.30412,38.10251,37.83543,37.62343,37.40818,37.17764,36.93018,36.64641,36.36347,35.7367,35.36269,34.73638,34.25307,33.71913,33.32548,32.74672,31.89563,30.97911,30.02701,29.14985,28.03844,26.74088,25.60713,24.80491,23.81752,22.72965,21.88228,21.42342,20.93171,20.2456,19.81825
ago,Angola,18.65864,18.66072,18.55275,18.2091,18.08277,17.88645,17.77264,17.42584,16.69077,16.28159,15.89213,15.81723,15.26903,14.60448,13.81544,13.26671,12.57981,12.1273,12.06922,11.3755,10.81137,8.68055,6.92563,5.52302,5.37629,5.16258,4.9741,4.77366,4.60826,4.60459,4.32488,4.1786,4.08713
alb,Albania,29.33693,29.1301,28.84299,28.48214,28.03965,27.89766,27.41954,26.90032,26.23635,25.56361,24.868,24.19397,23.38227,23.08194,23.04244,22.55292,20.78379,29.81198,28.08205,26.39027,31.40855,36.27365,33.76401,31.90103,29.69488,23.75991,20.04543,21.48674,22.02836,21.62611,20.13853,21.53465,20.91536
are,United Arab Emirates,0.0164,0.01625,0.01591,0.01566,0.01535,0.01523,0.01521,0.0147,0.01495,0.01559,0.01531,0.01533,0.01573,0.01635,0.01709,0.01982,0.02211,0.02669,0.02587,0.02687,0.02815,0.02626,0.02397,0.02107,0.02213,0.01427,0.07658,0.46638,0.83346,0.45178,0.2137,0.428,0.38014
arg,Argentina,1.6259,1.55142,1.55302,1.4972,1.40935,1.66633,1.54236,1.32611,1.35489,1.1541,1.09187,1.11375,1.65855,1.30797,1.02594,0.99051,0.94433,0.71905,0.7227,0.78411,0.71905,0.55003,0.53926,0.58023,0.57449,0.58447,0.58722,0.5464,0.56085,0.58768,0.53965,0.46351,0.33216
arm,Armenia,0.49988,0.50561,0.51321,0.51684,0.51719,0.51591,0.51226,0.5069,0.49973,0.49238,0.4825,0.47018,0.45613,0.44092,0.42477,0.40602,0.38579,0.36547,0.34901,0.3369,0.32302,0.30733,0.29011,0.27742,0.26058,0.23043,0.20988,0.24195,0.10372,0.06665,0.10392,0.13079,0.11409
aus,Australia,0.68429,0.68429,0.6843,0.68429,0.6843,0.6843,0.6843,0.6843,0.68429,0.6843,0.6843,0.68429,0.68429,0.73376,0.48838,0.46454,0.42514,0.29372,0.30001,0.38144,0.27283,0.39029,0.3707,0.31781,0.36877,0.34704,0.26792,0.28387,0.25491,0.17471,0.2301,0.21609,0.20942
aut,Austria,7.00478,6.89455,6.89772,6.41922,6.48337,6.62563,6.08185,5.82423,5.81259,5.74176,5.59491,5.55625,5.11106,4.13804,4.4978,4.55751,5.46356,5.42432,5.3017,5.26986,5.13132,5.03863,4.95618,5.1281,4.72267,4.62178,4.57576,4.35,4.19132,4.32023,4.26598,4.29613,4.39141
aze,Azerbaijan,38.14534,38.18836,38.39189,38.61446,38.80253,38.93224,38.98277,38.93553,38.68963,38.27243,38.59375,38.9871,38.49837,38.03585,37.54943,37.07937,36.55811,36.21193,35.72463,36.01838,36.76857,36.15111,35.36784,35.25311,34.13155,33.40114,32.79916,32.20684,31.83306,30.84783,30.33656,29.89103,29.57489
bdi,Burundi,50.25247,50.09694,49.86476,49.56778,49.39637,49.29082,49.06568,48.75852,48.40614,47.97927,47.04229,46.61844,46.02204,46.18401,45.61831,45.02618,44.34364,43.60758,43.23277,42.66272,42.01555,41.54718,41.17747,40.48424,40.02452,39.65929,39.31822,38.74041,38.13497,37.85612,36.79167,36.21247,35.88594
bel,Belgium,2.34542,2.78245,2.50347,2.37833,2.54337,2.55945,2.33183,1.98515,2.46513,2.08603,1.97774,1.84283,1.68256,1.71282,1.70344,1.5388,1.29289,1.21173,1.2543,0.9795,1.10895,0.84242,0.90895,0.90833,0.89424,0.79757,0.74413,0.85274,0.78163,0.75623,0.69508,0.67487,0.67303
ben,Benin,24.12593,23.95905,23.74512,23.8492,23.48917,23.2145,22.86174,22.46434,22.01844,21.58012,21.08243,20.62752,20.14912,19.67476,19.28258,18.86515,18.41205,17.96436,17.58831,17.29893,16.88576,17.35909,17.84934,18.24976,18.69122,19.19228,19.64313,20.06599,20.54105,21.26531,20.92428,20.94452,20.57571
bfa,Burkina Faso,29.86384,29.66967,29.44657,29.33798,29.03066,28.70834,28.3257,27.88494,27.19879,26.56923,26.00179,25.45581,25.00647,24.46089,23.92641,23.34665,22.82652,22.35379,21.86182,21.47195,21.03305,20.48449,19.89314,19.37173,18.87859,18.39889,17.93837,17.47466,16.99846,16.7461,15.88642,15.43223,15.43223
bgd,Bangladesh,24.91234,24.92892,24.91264,24.89911,24.87923,24.80604,24.71538,24.58897,24.40553,24.15976,23.87649,23.55453,23.21753,22.88766,22.53046,21.87398,21.90786,21.89656,21.84322,21.76918,20.34318,18.90354,17.47135,16.04939,14.657,13.25907,11.89074,12.18741,12.44474,12.94049,12.82523,13.02016,12.46623
bgr,Bulgaria,1.98234,1.95132,1.96154,1.93122,1.99959,1.95746,1.76373,1.79412,1.73212,1.72532,1.55108,1.70152,2.02451,2.15113,1.54447,1.279,1.16544,1.07228,1.01286,1.01701,1.05419,0.82354,0.71863,0.65159,0.72408,0.65734,0.68647,0.88868,0.71883,0.55873,0.62546,0.59862,0.45797
bhr,Bahrain,0.07892,0.06959,0.06299,0.05995,0.05657,0.0508,0.0466,0.03952,0.03849,0.04003,0.03714,0.59539,0.57955,0.07938,0.56799,0.57105,0.5445,0.53787,0.53173,0.52802,0.54001,0.51516,0.50627,0.48376,0.43495,0.41639,0.42022,0.42113,0.41595,0.41874,0.42302,0.41003,0.39659
bhs,Bahamas,0.46667,0.36594,0.43489,0.39597,0.56971,0.69345,0.1982,0.23959,0.21905,0.15492,0.10444,0.37196,0.18008,0.24838,0.2311,0.21369,0.17908,0.16163,0.27991,0.28991,0.3001,0.31849,0.32544,0.32771,0.32531,0.31858,0.30603,0.30883,0.30403,0.30449,0.30767,0.2989,0.28915
bih,Bosnia and Herzegovina,10.46706,10.29606,10.06667,9.79781,9.45593,8.96564,8.57728,8.07672,7.74512,7.55929,7.04896,6.76291,6.49391,6.21751,5.9811,5.73369,4.36441,5.4097,6.75486,5.66896,5.24747,4.66848,4.69442,3.97606,3.54611,3.33146,3.94382,3.73301,3.02045,2.62776,2.20458,1.9252,1.43807
blr,Belarus,0.07693,0.07562,0.07689,0.07613,0.07476,0.07357,0.07167,0.06979,0.06693,0.06413,0.06179,0.05885,0.05564,0.0518,0.04876,0.04568,0.04283,0.03949,0.03782,0.03579,0.03341,0.03185,0.03109,0.03047,0.03002,0.0297,0.02998,0.03356,0.03021,0.05204,0.02075,0.01616,0.01675
blz,Belize,4.65475,4.42802,4.28443,4.09983,3.88198,4.04216,4.02807,4.02732,3.95076,3.9608,3.92325,3.90683,3.89063,3.93712,3.93035,3.96458,3.98999,3.97621,4.03394,3.99921,3.99809,3.89985,3.88506,2.75003,4.27881,4.01817,3.29268,4.07403,4.93819,4.87414,4.62015,4.54424,4.44704
bol,Bolivia,21.55269,21.55668,21.55523,21.55617,21.57173,21.43415,21.40818,21.39668,21.42487,20.11169,23.18263,22.7377,23.58204,18.51433,20.1098,21.09928,18.854,19.28946,17.73159,18.05283,18.34589,14.41945,15.68326,17.7198,14.44571,15.42547,17.37719,18.66355,17.19172,17.33635,18.6807,16.60145,16.15234
bra,Brazil,7.2722,7.69551,7.83061,7.69026,7.68918,6.86002,6.96059,6.707,7.20723,6.46272,5.86762,5.83556,5.74191,5.74611,5.56324,4.9475,4.7613,3.96476,3.76766,3.19425,2.69903,2.93684,2.89048,2.67599,2.6509,2.21296,2.29561,2.24779,2.15056,2.14318,2.08473,1.73892,1.4591
brb,Barbados,0.59068,0.10417,0.52468,0.09497,0.1585,0.26235,0.18047,0.11908,0.08059,0.15543,0.07697,0.07825,0.07742,0.07642,0.07111,0.06969,0.07047,0.06855,0.06395,0.06286,0.06389,0.06261,0.06161,0.06047,0.05937,0.06039,0.05953,0.06018,0.06,0.0602,0.06041,0.05863,0.05662
brn,Brunei,0.45799,0.45971,0.4366,0.41697,0.41423,0.41966,0.42793,0.38693,0.41321,0.46905,0.44228,0.44378,0.46803,0.49104,0.51115,0.52,0.50686,0.53258,0.47777,0.49078,0.53146,0.53241,0.52015,0.5225,0.44487,0.39275,0.35253,0.46688,0.79244,0.73037,0.65817,0.5104,0.52571
btn,Bhutan,48.23496,48.27772,48.28986,48.27366,48.20667,48.09875,47.94397,47.71588,47.52918,47.30962,47.04931,46.7222,46.24195,45.76966,45.17665,44.66301,44.10455,43.4687,42.64174,41.69011,41.76688,41.12935,40.03194,38.86996,35.53214,34.70637,33.43214,32.08001,30.48962,29.94088,28.92069,28.30306,27.58541
bwa,Botswana,0.95881,0.94891,0.93447,0.91849,0.90092,0.84883,0.95285,1.0793,1.1913,1.32429,1.49449,1.68241,1.91547,2.17172,2.44388,2.7462,3.42569,4.31789,5.43768,4.94698,4.47767,4.1821,3.81639,3.65171,3.59179,3.3945,3.31334,3.23005,3.16871,3.17212,2.97163,2.86658,2.79091
caf,Central African Republic,52.71743,52.56939,52.45689,52.22607,52.06375,51.81744,51.54677,51.22811,50.42475,50.11069,49.82131,49.33901,49.20637,48.72097,48.20287,47.79443,47.39911,46.99307,46.54335,45.9849,45.59188,45.10991,43.97959,43.66075,43.43295,43.06244,42.61016,42.04586,41.59347,41.46172,40.47395,39.91346,39.59914
can,Canada,0.50231,0.51921,0.57367,0.43638,0.4279,0.41317,0.46703,0.42081,0.31175,0.28158,0.2173,0.21308,0.21695,0.18583,0.16008,0.19195,0.17216,0.16548,0.14772,0.12023,0.13393,0.11798,0.13671,0.13657,0.12845,0.13905,0.13945,0.13738,0.11811,0.127,0.0915,0.08895,0.0666
che,Switzerland,3.88248,3.74477,3.59791,3.44559,3.29713,3.14092,2.93852,2.85246,2.81626,2.49633,2.58221,2.56916,2.35451,2.04025,2.03858,2.21411,2.35827,1.96306,2.18556,2.04367,2.0989,1.99147,2.10549,1.97167,1.92102,1.9116,2.01712,1.91861,1.76488,1.76964,2.09894,2.27843,2.63479
chl,Chile,1.66027,1.53842,1.37867,1.24772,1.28593,1.30065,1.33116,1.35866,1.4205,1.50162,1.4736,1.44177,1.41709,1.23557,1.0549,0.91425,0.74434,0.58832,0.47687,1.36973,1.2689,1.20501,1.26855,1.27359,1.15918,1.16269,1.08476,1.14756,0.96978,0.87385,0.81874,0.68234,0.65262
chn,China,29.53257,29.07378,28.56684,28.01634,27.42146,26.79677,26.16253,25.49699,24.78402,23.995,23.10767,22.19631,21.24912,20.27413,19.35593,18.46169,17.60427,16.76953,16.01541,15.2594,14.56485,13.94372,13.36488,12.81974,12.33361,11.85026,11.36053,10.89021,10.47742,10.47866,9.9016,9.59481,9.35177
civ,Cote d'Ivoire,27.31459,27.25993,27.28592,27.37604,27.38944,27.34243,27.29906,27.11733,26.90453,26.55134,25.97976,25.7268,25.5482,25.10607,24.61077,24.15121,23.61994,23.14509,22.2807,21.27914,20.61781,20.42597,15.77351,14.79495,13.7901,12.81167,12.9929,13.3919,13.79099,15.4295,16.35,18.35066,17.59321
cmr,Cameroon,14.81459,14.92897,15.03956,15.2502,15.38663,15.38074,16.12999,16.83621,17.49813,18.1728,18.799,19.85648,20.90203,21.8768,22.84037,23.85728,24.81253,23.24112,21.65532,20.14189,18.74027,17.40676,16.07925,14.78255,13.07655,11.47144,10.00296,8.66896,7.46624,6.70077,5.45737,5.3049,5.03481
cod,"Congo, Dem. Rep.",31.8949,31.87488,31.87362,31.87623,31.822,31.79268,31.54231,31.2957,31.02785,30.67631,30.53738,30.05625,29.23271,28.57884,27.90283,26.48822,25.17925,23.96904,22.69803,21.57464,20.40472,19.24081,19.5985,19.92412,20.19985,20.5069,20.89646,21.33836,21.61672,22.30191,21.36376,20.96228,20.70331
cog,"Congo, Rep.",6.8096,6.82388,6.83442,6.877,6.89011,6.89604,6.88004,6.81471,6.81342,6.78568,6.68212,6.55545,6.42786,6.30549,6.10966,5.93903,5.77484,5.6669,5.46034,5.29651,5.09245,4.85715,4.64385,4.39418,4.14184,3.9214,3.74704,3.59963,3.40223,3.45924,3.24333,3.13196,2.99889
col,Colombia,5.69367,5.64972,5.60555,5.47471,5.41725,5.33221,5.23008,5.16202,5.13105,5.06359,4.98674,4.88802,4.87589,4.49751,4.32113,4.39985,3.85706,3.71802,4.34351,4.67943,4.58156,4.73155,4.39298,4.17082,3.97694,3.56754,3.53699,3.32371,3.17843,3.0863,3.0122,1.99548,2.03994
com,Comoros,17.97704,17.85961,17.69753,17.50494,17.31005,17.08754,16.81683,16.51325,16.17007,15.69463,15.18519,14.62115,14.07343,13.72406,12.46192,11.29465,10.22452,9.19921,8.23603,7.38344,6.59472,5.86886,5.22213,4.63344,4.48697,4.28952,4.1061,3.96172,3.8301,3.83358,3.59128,3.46471,3.38633
cpv,Cape Verde,22.68436,22.7087,22.68099,22.63045,22.46359,22.33871,22.13523,21.91456,21.65357,21.2844,20.87052,20.45062,20.12138,19.67755,19.17236,18.64666,17.97903,17.3167,16.76323,15.81447,14.89443,14.00483,13.16151,12.33229,11.51404,10.86995,10.19654,9.61833,9.09409,9.50219,8.96533,8.68483,8.32302
cri,Costa Rica,4.43143,3.64331,3.61043,3.48215,3.79408,3.22532,3.13394,3.34128,3.00936,2.58372,2.57807,2.78016,2.458,2.27204,2.05721,1.99631,1.66491,1.48297,1.51141,1.6064,1.68915,1.71913,2.24217,2.16058,2.35052,2.04217,1.82799,1.59738,1.80058,1.84505,1.48639,1.35179,1.03065
cub,Cuba,1.12263,1.14905,1.17488,1.14033,1.13644,1.07922,1.20661,1.32395,1.4727,1.47616,1.54251,1.46176,1.48521,1.43293,1.32561,1.12496,1.00699,0.97597,0.88593,0.85339,1.26914,1.34455,1.3509,1.36874,1.38895,1.39287,1.41767,1.39786,1.3961,1.46022,1.37306,1.32142,1.29471
cyp,Cyprus,3.03089,2.94858,2.86316,2.77703,2.67589,2.59166,2.54304,2.46479,2.19295,3.15248,3.3027,3.19994,3.49022,3.11509,2.76809,2.17928,1.70971,1.86545,2.36402,2.0748,1.88111,1.77341,1.64403,1.85045,1.30573,1.25899,0.82508,0.67001,0.79911,0.54468,0.86257,0.67124,0.59442
cze,Czech Republic,0.32939,0.32726,0.29575,0.39329,0.52054,0.45403,0.40143,0.46544,0.52617,0.5612,0.58534,0.6076,0.69763,0.66037,0.734,0.67277,0.60478,0.62923,0.59755,0.60358,0.52805,0.57514,0.58603,0.59327,0.60214,0.52643,0.47267,0.48623,0.49369,0.54249,0.40895,0.41074,0.19328
deu,Germany,1.44953,1.43559,1.39114,1.35665,1.36073,1.32461,1.29152,1.26128,1.23366,1.20861,1.18594,1.10037,0.98949,1.131,1.14932,1.03948,1.02564,0.79826,0.62062,0.52737,0.67256,0.55731,0.48081,0.44266,0.3993,0.39572,0.36884,0.32837,0.2693,0.3555,0.36447,0.31041,0.29665
dji,Djibouti,2.67963,2.67618,2.68063,2.67525,2.67969,2.68224,2.68424,2.68386,2.6669,2.64522,2.61216,2.57286,2.52431,2.46518,2.40353,2.32598,2.25397,2.17574,2.09035,2.00988,1.9238,1.83127,1.74947,1.65865,1.57079,1.47738,1.38931,1.30423,1.21998,1.2381,1.15687,1.11597,1.06309
dnk,Denmark,1.79818,1.89759,1.77746,1.43294,1.17312,0.98391,1.12595,1.25976,1.01617,0.94254,0.85761,0.8294,0.72393,0.85686,0.79395,0.69004,0.58694,0.4742,0.47905,0.32368,0.27264,0.27904,0.19877,0.2141,0.31527,0.42645,0.38523,0.40398,0.38319,0.39694,0.35916,0.28582,0.34183
dom,Dominican Republic,5.45202,5.25851,5.35808,4.56193,4.23587,3.53845,2.91676,2.41021,1.99041,1.64399,1.3964,1.31913,1.2986,1.39869,2.72029,2.2446,2.32129,3.29932,1.79574,1.92985,1.81997,1.62996,1.553,1.51385,2.24243,2.0391,1.87538,1.80423,1.55187,1.42057,1.69201,1.45429,1.25281
dza,Algeria,10.84073,10.83252,10.75489,10.61388,10.44823,10.24303,9.99217,9.78095,9.41006,8.90891,8.55352,7.89525,7.25851,6.15551,5.19288,4.42931,3.81308,3.28992,2.87428,2.46798,2.10439,2.12631,2.14127,2.08615,2.04682,1.98491,1.92716,1.84542,1.79187,1.91645,1.79162,1.72769,1.68324
ecu,Ecuador,10.89831,11.28006,10.88079,11.04541,11.74415,11.31987,9.84295,12.17631,12.33845,12.43936,12.59057,10.52112,8.73103,11.52434,9.76624,11.7026,10.47128,10.507,10.63642,9.35319,9.10241,9.80558,9.45165,8.1982,10.00696,11.92439,12.63478,12.61294,13.07858,14.59644,15.31675,14.02422,12.23845
egy,Egypt,15.04102,14.64173,14.22606,13.80672,13.23598,13.05408,12.84294,12.14307,11.36351,11.52111,9.29622,10.43783,12.17478,13.96882,12.97656,13.12991,14.06706,14.12581,13.22257,10.88931,10.92653,9.77476,11.42512,11.82537,12.64545,7.74862,8.74156,7.30344,6.41489,5.21231,5.19072,4.45088,4.27292
eri,Eritrea,28.97222,28.82219,28.58498,28.25915,27.93487,27.61789,27.33722,26.85511,26.40781,25.86175,25.46918,25.02203,24.55949,24.22343,24.16105,23.7768,23.44615,23.31698,22.81704,22.71737,22.28832,21.80536,21.52671,20.90905,20.57011,20.16356,19.8767,19.45884,19.01359,18.95879,18.10377,17.64483,17.35822
esp,Spain,4.99435,4.47858,4.45044,4.11847,3.64893,3.40487,2.96697,2.74334,2.36571,2.09011,1.88249,1.74747,1.6167,1.43007,1.59864,1.34582,1.08201,0.9805,0.81068,0.79483,0.68388,0.62127,0.60079,0.6049,0.52969,0.42319,0.49595,0.37714,0.37331,0.36308,0.38067,0.33261,0.29903
est,Estonia,1.71086,2.12763,2.80441,2.02289,1.40354,1.50513,1.54062,0.90103,0.78736,0.43387,0.52232,0.37064,0.19955,0.45824,0.22076,0.1724,0.2197,0.14361,0.18318,0.18284,0.2626,0.30098,0.25913,0.21081,0.12368,0.10085,0.23072,0.14261,0.0501,0.08792,0.19722,0.13403,0.13576
eth,Ethiopia,40.76222,40.67835,40.45206,40.11874,39.85976,39.51007,39.26784,38.90014,38.26858,39.03217,39.7343,40.34035,41.09933,42.00895,42.76296,42.47051,42.13436,41.81886,41.55423,40.98919,40.5053,40.38797,40.02739,38.87176,37.69205,36.59031,35.32454,34.17173,33.0439,32.58929,30.73589,30.11251,29.5796
fin,Finland,1.3108,1.27503,1.31005,1.27142,1.5107,1.51369,1.02327,0.57039,0.8055,0.66747,0.63986,0.51801,0.4104,0.42133,0.55906,0.63277,0.5514,0.45512,0.61242,0.72252,0.56743,0.53951,0.44131,0.49049,0.60665,0.3712,0.4499,0.51373,0.32946,0.35551,0.67785,1.22817,0.7179
fji,Fiji,16.48477,16.30133,16.08229,15.81723,15.64076,15.35743,15.01134,14.65769,14.17818,14.07746,13.71183,13.36415,13.15171,12.92516,12.48083,13.89579,15.29673,17.00988,18.70496,20.3647,22.2334,22.03366,21.72368,21.67593,20.06467,18.62327,18.19853,17.76044,17.28303,17.58074,16.73686,16.28389,16.01474
fra,France,2.66038,2.52474,2.34815,2.29364,2.04733,1.8778,1.74633,1.5496,1.51236,1.26839,1.10828,1.11725,1.22735,1.14179,0.96398,0.92814,0.66545,0.62058,0.62937,0.55728,0.52433,0.48013,0.43865,0.43327,0.38321,0.39964,0.33393,0.27375,0.28397,0.27467,0.3489,0.32422,0.28529
gab,Gabon,3.93669,3.82852,3.7163,3.33619,3.13337,2.89003,2.72201,2.6541,2.4666,2.26268,2.17403,2.06638,1.94838,1.80481,1.6557,1.55996,1.46933,1.35673,1.32238,1.2359,1.1734,1.13761,1.10583,1.08693,1.06741,1.04119,0.99442,0.94734,0.90742,0.94252,0.88018,0.84874,0.82736
gbr,UK,0.72971,0.69989,0.58971,0.56576,0.53795,0.48326,0.43916,0.37553,0.36721,0.39694,0.34902,0.33974,0.29814,0.34815,0.33187,0.33088,0.34476,0.33695,0.29958,0.3254,0.34955,0.36789,0.37026,0.37879,0.32941,0.38135,0.36639,0.35525,0.39872,0.31272,0.28192,0.24817,0.26445
geo,Georgia,30.9221,31.21529,31.30642,31.65859,31.36815,32.51495,32.36713,31.67734,30.95906,29.7145,31.70298,28.34025,28.81096,27.90005,28.57552,28.75395,28.37695,25.70842,23.95428,22.59918,23.4779,22.85071,21.91204,21.47307,20.61066,20.82994,19.96852,17.71643,17.79827,17.51774,16.72294,16.36705,16.01497
gha,Ghana,0.32467,0.86577,1.69558,2.35049,2.90574,3.6726,4.42691,6.20272,6.67217,6.76443,7.25381,7.75934,8.27943,8.8083,9.34471,9.88271,10.3335,10.77571,11.20462,11.6448,11.28764,10.85687,10.40078,10.29458,10.2164,9.6947,9.1622,8.78155,8.31003,8.18577,7.72081,7.48364,7.17396
gin,Guinea,37.55643,37.32696,37.08569,36.85738,36.55985,36.23785,35.88641,35.47149,34.92841,34.43547,33.77252,33.07388,31.63501,30.73622,29.84675,28.88092,27.86437,27.00314,25.86656,24.98662,23.99408,23.11887,22.08959,21.11562,20.11247,19.27725,18.39401,17.44067,16.58001,16.65758,15.8202,15.36751,15.06434
gmb,Gambia,19.02051,18.88136,18.71624,18.52098,18.34081,18.20065,17.91497,17.67454,17.35709,16.9908,16.56678,16.22558,15.87396,15.48045,15.13651,14.82116,14.56741,14.25648,13.87557,13.47579,13.13928,12.90458,12.14583,11.45955,10.83962,10.22889,9.54205,8.87466,8.22275,7.88116,7.20887,6.78614,6.0203
gnb,Guinea-Bissau,35.98947,35.64159,35.4692,35.28296,35.03992,34.72018,34.27262,34.11615,33.99791,33.69287,33.34632,32.99054,32.64328,32.1314,31.613,31.1061,30.58686,30.15794,29.53906,28.93603,28.40147,27.95955,27.49624,26.93265,26.44794,25.97741,25.42423,24.61036,24.09238,23.39334,21.90856,20.1725,19.87642
gnq,Equatorial Guinea,19.4322,18.98383,18.39661,17.60517,16.73558,15.34677,13.98307,12.80494,11.50597,10.19247,9.01314,8.14131,7.40054,6.71681,6.25712,5.92337,5.70853,5.52156,5.54642,5.48669,5.43729,5.45376,5.58231,5.67846,5.93428,6.12121,6.11857,6.14998,6.23573,6.38279,6.00776,5.81511,5.79559
grc,Greece,11.59251,12.0327,12.04536,12.28791,12.34462,11.99608,11.92202,11.26338,10.03568,9.61699,8.33283,7.8245,7.85817,6.28532,6.31596,6.5392,6.35994,5.88078,5.84151,5.66966,5.46873,5.0152,4.88896,4.69784,4.37323,3.91107,3.927,3.65963,3.1561,3.00814,3.03383,3.08896,3.50523
gtm,Guatemala,11.6609,11.68897,11.71189,11.70612,11.71526,11.82381,11.91873,11.56316,13.25909,15.09962,14.9968,14.8526,14.6651,12.40362,12.95482,13.46438,13.26534,13.04628,12.80294,12.55473,11.65073,13.65567,9.84216,10.06618,9.69955,8.41476,9.64205,9.69668,8.37748,8.82353,8.49543,6.48258,7.70361
guy,Guyana,11.6155,11.42434,11.26314,11.02563,10.74505,10.4605,10.13007,9.81785,9.49892,9.19423,8.88333,8.58186,8.27416,7.97762,7.69461,7.38666,7.09698,6.81796,6.53083,6.25323,5.97984,5.70492,5.42779,5.15784,4.91417,4.69394,4.42926,4.18216,3.32601,3.48485,3.26019,3.14346,2.89471
hnd,Honduras,10.67157,10.69299,10.69484,10.70617,10.68934,10.66362,10.61187,10.52071,10.4449,10.31171,10.13414,9.94986,9.74108,9.46234,9.32682,8.86192,7.92491,8.00973,8.5727,10.13843,10.94698,10.4683,9.25781,8.28766,9.62874,8.60672,8.90125,9.47945,9.06998,6.41447,6.44996,6.18935,5.84086
hrv,Croatia,9.41985,9.29391,9.24545,8.91443,8.32647,7.89679,7.4843,6.20218,5.65627,4.91949,4.77714,4.74244,4.02293,3.15118,2.4307,2.20136,2.25191,2.14338,2.33386,2.61236,2.68917,2.22594,1.56028,1.4454,1.87965,1.36391,1.26794,1.17369,1.11049,0.88369,1.47624,1.07239,0.8528
hti,Haiti,26.25188,26.13711,26.2809,26.15889,26.71101,26.63367,25.93993,25.75405,25.36321,24.71031,24.78122,24.70564,25.12072,24.96152,24.64324,24.6349,24.16233,24.09633,23.72768,23.01862,22.94254,23.27028,22.86119,22.94134,22.64199,22.17352,21.87143,21.83365,21.6027,21.60723,20.68366,20.1785,20.11252
hun,Hungary,1.23318,1.24192,1.14059,1.09769,1.11889,1.08098,1.18729,0.78989,0.76686,0.68965,0.68423,0.62526,0.50564,0.39878,0.44297,0.5008,0.45164,0.34442,0.40823,0.3326,0.41868,0.38545,0.34257,0.32065,0.2704,0.30108,0.28433,0.22866,0.19915,0.22129,0.28744,0.35609,0.33947
idn,Indonesia,17.73639,17.74018,17.77468,17.81825,17.80001,17.48104,18.51608,19.53636,18.30534,20.13126,19.36692,17.55135,20.33213,18.45045,18.02711,16.94355,17.29106,17.26282,17.6032,17.8287,17.03899,16.64812,16.05326,15.43776,14.32003,13.78827,13.44141,13.35527,13.05155,13.88688,14.21449,13.83499,13.68078
ind,India,18.62231,18.65456,18.66324,18.67395,18.64311,18.59321,18.50892,18.40883,18.23453,18.02062,18.09844,18.17589,18.23203,18.2489,18.21005,18.14337,18.01264,17.8635,17.71521,17.51474,17.49849,17.44167,17.14437,16.79585,16.41845,15.9918,15.80455,15.55784,15.28087,15.804,15.47257,15.00904,17.07038
irl,Ireland,1.93652,1.5738,1.67176,1.53517,1.33885,1.07773,1.26719,1.3348,1.28215,1.2827,1.04555,0.89742,0.98851,0.73601,0.71199,0.56375,0.76304,0.77202,0.90999,0.86724,0.68737,0.88112,0.86219,0.78043,0.78001,0.80493,0.62991,0.55485,0.49946,0.59814,1.0994,0.99982,0.98692
irn,Iran,6.29627,6.18307,6.08197,5.99691,5.92281,5.65032,6.26829,6.93846,7.49634,8.087,8.80674,9.45271,10.18415,10.87949,11.73174,10.23569,10.01402,8.51787,8.7674,7.66861,6.58876,6.79424,5.12271,4.84436,5.04198,5.23798,5.25446,5.02902,4.97309,4.29183,3.865,3.42356,3.3474
irq,Iraq,4.00992,4.05175,4.00376,3.9425,3.90258,3.84943,3.7577,3.54345,3.40102,3.18173,2.91117,2.772,2.50149,1.98494,2.01883,1.8195,1.59058,1.48727,1.16713,1.23756,1.35422,1.26974,0.87155,3.81767,4.44017,4.40449,3.97796,3.5356,4.15631,4.78934,4.7179,4.57987,4.52949
isl,Iceland,2.48357,2.55658,2.78202,1.74291,0.98018,0.54402,0.39593,0.29193,0.20333,0.39137,0.23007,0.31968,0.21321,0.1473,0.10322,0.07195,0.06586,0.06074,0.0561,0.05306,0.04943,0.04624,0.05989,0.07715,0.10095,0.13143,0.17203,0.09786,0.10918,0.11158,0.11042,0.1061,0.10566
isr,Israel,0.73188,0.7151,0.6795,0.63443,0.61219,0.55593,0.51282,0.49641,0.47542,0.45374,0.4687,0.40534,0.44302,0.35406,0.34936,0.28204,0.21286,0.20832,0.19713,0.20086,0.15677,0.16555,0.15546,0.1243,0.1171,0.10547,0.08506,0.04605,0.04328,0.04098,0.02776,0.02113,0.02117
ita,Italy,4.05752,5.04268,4.69277,4.54512,4.45629,4.22577,4.19023,4.23421,3.81291,3.87817,4.13905,4.00929,3.99977,2.4642,1.84449,1.81881,1.81929,1.70236,1.56239,1.61589,1.57072,1.43742,1.41547,1.3795,1.34986,1.33805,1.25736,1.19196,1.25705,1.15851,0.96639,0.88763,0.96961
jam,Jamaica,3.13883,3.02863,2.2333,2.4172,2.84546,2.46566,2.11323,2.20213,2.17879,2.01864,2.10091,1.43839,1.33158,1.29684,1.27818,1.2073,1.22547,1.23756,1.27433,1.21542,0.99461,0.99759,1.25719,1.23771,1.05626,0.90022,0.89746,0.915,0.88415,0.93504,0.87911,0.64658,0.65805
jor,Jordan,0.93235,0.92328,0.91642,0.901,0.89058,0.88056,0.86155,0.8387,0.81626,0.78618,0.75063,0.72164,0.69211,0.64778,0.66341,0.67132,0.67988,0.68847,0.71226,0.73447,0.75834,0.78913,0.81779,0.85118,0.88783,0.92761,0.95703,1.22122,1.42437,1.29957,0.38106,0.32275,0.32467
jpn,Japan,7.67781,7.08515,6.48062,6.30714,6.14837,5.88961,5.73433,5.68051,5.5671,5.22043,5.00955,4.764,4.64766,4.56801,4.39018,3.85381,3.66493,3.49444,3.17438,3.0069,2.9226,2.85145,2.73709,2.61145,2.52056,2.38863,2.29162,2.2831,2.13623,2.07941,2.05546,1.95581,1.87668
kaz,Kazakhstan,1.37445,1.36998,1.34885,1.29903,1.27605,1.25554,1.22932,1.19278,1.14235,1.08978,1.04493,1.01372,0.97338,1.16976,0.97769,1.13453,0.9958,0.77128,0.8237,0.82943,0.79984,0.45844,0.39203,0.21284,0.11597,0.12218,0.11132,0.10075,0.09653,0.09581,0.08899,0.08561,0.08361
ken,Kenya,42.02672,42.12561,42.13771,42.15584,42.06579,41.98048,41.81772,41.61901,41.38772,41.22142,40.81167,40.40744,39.91091,39.4772,38.89781,38.16449,37.4244,36.65411,35.91724,35.04551,34.14724,33.16725,32.16482,31.11187,30.00299,28.85241,27.72856,26.56589,25.37941,27.23081,28.14054,27.30896,26.682
kgz,Kyrgyz Republic,12.17859,12.24001,12.2905,12.3932,12.50423,12.60095,12.58345,12.51361,12.42761,12.27592,12.02397,11.78207,11.52224,11.22952,10.94385,10.65741,10.32228,9.99095,9.76723,9.50171,9.66185,9.94669,13.21802,12.89576,10.28223,9.12982,5.96844,6.96964,6.84732,7.36544,7.44558,7.15958,6.88652
khm,Cambodia,43.13238,43.06883,43.00568,43.15701,43.21155,43.14709,43.03933,42.80104,42.45085,42.24983,39.73199,38.22065,36.6149,34.90299,33.12207,31.23327,29.26145,27.30676,25.43729,23.61594,21.80647,20.0086,18.6247,17.23669,15.87794,14.54718,13.24444,11.97392,10.73615,10.36833,9.7121,9.35332,8.9567
kor,South Korea,10.3537,10.24199,10.13334,10.00103,9.83914,9.6397,9.42343,9.27441,9.05887,8.77933,8.40859,8.05223,7.78435,7.46262,7.15071,6.85975,6.5576,6.25426,6.04615,5.77811,5.48146,5.17132,4.92445,4.67861,4.40765,4.26484,4.15211,4.10401,3.9712,3.87235,3.69203,3.40146,3.16422
kwt,Kuwait,0.03273,0.03652,0.0374,0.03586,0.03501,0.03536,0.03313,0.02904,0.02999,0.03145,0.02851,0.02621,0.02538,0.02481,0.02618,0.01833,0.01171,0.00867,0.00542,0.00386,0.00296,0.00211,0.00147,0.00095,0.00066,0.01227,0.00693,0.00783,0.00907,0.00959,0.0094,0.00924,0.00925
lao,Lao,40.67481,40.66103,40.69979,40.75443,40.68644,40.6478,40.27159,40.33428,40.28743,40.00851,39.72017,39.4606,39.05903,38.66993,38.1677,37.88606,37.08934,36.2576,35.46786,34.81733,33.52425,32.10529,30.5537,29.01406,27.53756,26.0886,24.58487,23.62405,22.55413,22.3036,21.3261,20.81253,20.16017
lbn,Lebanon,4.61404,4.46064,4.34566,4.2279,4.10964,4.03421,3.97223,3.80526,3.74119,3.72319,3.56303,3.50505,3.48376,3.29144,3.6756,4.05727,4.46005,3.78201,3.24842,2.82721,2.44865,2.13251,1.84521,1.61747,1.42215,1.25664,1.10257,0.97268,0.84435,0.90712,0.83907,0.80311,0.77678
lbr,Liberia,22.69674,22.39273,22.09344,21.79375,21.55648,21.18609,20.84823,20.51768,20.13196,19.73813,19.33645,18.92565,18.84422,18.66073,18.38441,18.10916,17.71375,17.17996,16.58369,16.17535,14.64719,13.21198,11.86406,10.66255,9.56284,8.57405,8.40508,8.11183,7.86138,7.89293,7.43794,7.19344,7.04738
lby,Libya,0.91564,0.90424,0.89407,0.88645,0.86857,0.85414,0.83098,0.82734,0.7891,0.74,0.70691,0.63662,0.59167,0.55118,0.51754,0.49564,0.48969,0.47798,0.50148,0.50354,0.57832,0.54199,0.57876,0.64668,0.69667,0.69873,0.63765,0.59747,0.58381,0.59556,0.55659,0.53671,0.51378
lca,St. Lucia,2.86833,2.68689,2.83634,1.85434,1.8155,2.03026,1.86463,1.07525,1.08321,0.96214,0.90939,0.82673,0.72889,0.65285,0.59798,0.54766,0.48826,0.44402,0.40626,0.36302,0.33554,0.31143,0.2886,0.26523,0.25161,0.23555,0.21572,1.7928,0.25279,1.80213,0.3404,0.31867,0.32536
lka,Sri Lanka,9.94151,9.97866,9.9556,10.01376,10.13824,10.17,9.47882,13.63285,12.23648,13.05665,10.54666,10.73326,9.92466,9.35155,7.95507,10.47794,10.2914,10.775,10.63072,10.34572,10.60252,8.85713,8.78461,8.59466,8.42888,7.84054,7.98782,7.17158,7.02331,6.78574,6.63828,5.91668,5.74682
lso,Lesotho,2.05038,2.05424,2.0547,2.05193,2.04516,2.03725,2.01923,2.00379,1.98849,1.96627,1.93784,1.90076,1.85488,1.80945,1.7615,1.71099,1.65555,1.59505,1.52728,1.46564,1.40679,1.34046,1.27307,1.21066,1.14563,1.0784,1.01533,0.9573,0.89805,0.90317,0.84374,0.81346,0.77675
ltu,Lithuania,4.8344,4.69763,4.59248,4.45037,4.33815,4.17504,3.97131,3.72662,4.11797,3.01637,3.43843,3.63579,3.79795,3.09043,2.95973,2.77671,1.93762,1.45607,1.62692,1.61156,1.39769,1.31183,1.16594,1.26015,1.14948,0.92241,0.87646,0.74252,0.59047,0.53138,0.59993,0.53855,0.65412
lux,Luxembourg,1.22176,0.75731,1.09735,0.81431,0.96298,0.42047,0.33184,0.21831,0.37474,0.20959,0.21569,0.21122,0.18246,0.3249,0.26562,0.19962,0.16638,0.2156,0.64135,0.44813,0.43276,0.45975,0.37864,0.49332,0.99219,1.0915,0.84415,0.9063,1.24155,1.39265,1.52518,1.70424,1.46905
lva,Latvia,5.24024,5.05084,5.02977,4.9966,4.91868,4.43226,6.35117,5.37693,5.59409,4.00694,4.84101,4.06711,3.72819,3.74406,2.11002,1.53891,1.6485,1.28207,1.48998,1.37124,1.08093,0.88188,0.81933,0.78573,0.81142,0.83193,0.3857,0.48177,0.24128,0.62806,0.31727,0.50823,0.66036
mar,Morocco,18.62297,18.17178,17.92784,17.26957,17.34376,17.14987,17.065,16.87116,16.74966,16.72632,16.58852,16.52163,16.37152,16.16054,15.11574,14.04496,13.01194,12.09276,11.15496,10.32193,9.45396,8.65125,7.89416,7.21511,6.82833,6.4303,6.00858,5.58709,5.17577,5.30095,4.98194,4.81553,4.62524
mda,Moldova,0.72649,0.73457,0.7358,0.74148,0.7369,0.73309,0.73682,0.73446,0.74569,0.85272,0.88838,0.91603,0.98335,0.91118,0.97356,2.25604,1.72731,1.7377,1.74171,1.6691,1.93669,1.4198,1.31765,1.48511,2.47536,3.06718,2.57056,2.94649,2.4876,2.42683,2.47466,2.26472,2.5322
mdg,Madagascar,44.45654,44.31788,44.17257,44.06837,43.76383,43.56576,43.23555,42.85469,42.39662,41.98177,41.54422,41.54404,40.88154,41.92679,42.86132,43.68119,44.33463,45.1994,46.01067,46.80733,45.3032,43.71439,42.74525,41.91206,40.98986,40.43391,39.86702,39.18557,38.59224,38.53151,37.49062,36.90003,36.57618
mdv,Maldives,14.56978,14.38557,14.1952,13.96315,13.51294,13.24147,12.94745,12.62315,12.32099,12.01271,11.68297,11.33942,11.03743,10.66472,10.68962,10.18814,9.7474,9.40738,9.47049,7.952,6.73595,5.6665,4.73771,3.9446,3.42914,2.99285,2.53126,2.13549,1.81416,1.83529,1.69492,1.61986,1.56321
mex,Mexico,14.0461,13.83648,13.89443,12.89991,11.75357,11.3931,11.95221,10.28571,9.7211,8.33771,8.03279,7.80044,7.61633,7.31376,7.16719,6.73193,6.68463,6.53352,6.46579,6.4975,6.15873,6.10243,5.73171,5.50875,5.27831,4.87115,4.67115,4.47742,4.54159,3.87796,4.15674,4.10149,3.85863
mkd,North Macedonia,7.6708,7.36541,7.62034,7.6537,7.16528,6.9722,7.62465,8.30573,10.35882,10.87373,14.3898,12.23819,11.44002,8.52783,10.42445,11.02986,9.6733,9.89386,10.22115,9.5462,9.55359,8.4731,8.96961,8.80148,7.93455,6.54457,6.39023,6.14699,5.33175,4.29088,3.91801,3.3916,2.42857
mli,Mali,29.41086,29.18611,28.97558,28.65931,28.44698,28.15022,27.84205,27.4736,27.04195,26.59956,26.09778,25.53787,24.93807,24.39374,23.99355,23.58715,23.06033,22.56085,22.21951,21.78284,21.27354,21.04085,20.76501,20.74248,20.22067,21.39818,22.6067,25.7905,25.03233,24.71552,24.14464,23.7002,23.37021
mlt,Malta,1.69266,1.65039,1.60499,1.55772,1.50846,1.45581,1.40221,1.34561,1.28804,1.2276,1.16674,1.11055,1.06106,1.01163,0.96725,0.92637,0.88845,0.85369,0.82152,0.79377,0.7593,0.73094,0.70919,0.68464,0.66704,0.64874,0.63758,0.62079,0.61213,0.61797,0.62375,0.60221,0.5955
mmr,Myanmar,54.54465,54.18533,53.72827,53.16157,52.50531,51.72729,50.82774,49.80907,48.5902,47.16915,45.54254,43.92912,42.24047,40.5668,38.87667,37.23726,35.64358,34.16668,32.75623,31.4327,30.31626,29.19742,28.11668,27.14903,26.20132,25.36736,24.74203,24.29877,24.24573,23.69494,22.70169,22.17376,22.01845
mne,Montenegro,1.66203,1.63955,1.61453,1.58738,1.55821,1.52679,1.49436,1.457,1.4196,1.38637,1.325,1.28692,1.25896,1.21437,1.17294,1.11164,1.0392,1.00066,0.97329,0.97003,0.94269,1.07811,1.22556,2.02722,2.47554,2.322,2.91836,2.61332,2.55642,2.42447,2.17463,2.10589,2.04637
mng,Mongolia,8.77488,8.82606,8.8988,8.91204,8.9226,8.87707,8.86873,8.76732,8.67754,8.55315,8.52594,8.50418,8.50588,8.50352,8.47141,8.38032,8.16518,7.87454,7.27266,6.32629,6.42013,4.28415,2.34731,2.38573,1.9202,2.92402,3.0409,3.61903,0.6378,0.47258,0.14131,0.22783,0.04005
moz,Mozambique,43.81278,43.63781,43.2058,43.03307,42.75654,42.56047,42.20668,41.73023,41.00205,40.18031,39.43357,37.38101,36.69832,35.34476,34.02633,32.77157,31.35423,30.00812,28.69765,27.45065,26.1343,24.96934,23.70926,22.68102,21.51119,20.98626,20.61405,20.13154,19.61119,19.48803,18.60779,18.13762,17.86945
mrt,Mauritania,13.6624,13.69487,13.72774,13.75157,13.74156,13.68261,13.65174,13.57383,13.44739,13.3156,13.18031,13.02969,12.81802,12.61785,12.37684,12.03886,11.5981,11.23552,10.85331,10.56663,10.28082,9.91035,9.57726,9.15876,8.74301,8.40526,7.99891,7.61376,7.21504,7.23564,6.81164,6.5903,6.32069
mus,Mauritius,2.0635,2.03042,1.99426,1.96114,1.91657,1.86801,1.82208,1.76619,1.74079,1.70926,1.68258,1.64307,2.34554,2.03453,2.09704,2.00459,2.17975,2.10605,2.12543,2.39779,1.95924,2.23156,2.21552,2.18757,2.46406,2.17601,2.11004,1.9052,2.0525,3.07374,0.88046,1.58343,1.46917
mwi,Malawi,12.92587,12.83772,12.65721,12.35618,12.15241,11.92765,11.62013,11.36628,11.07753,10.7777,10.47198,10.20357,9.92097,9.58689,9.26455,9.01082,8.71765,8.40353,8.03965,7.70379,7.4145,7.1212,6.87774,6.6416,6.41999,6.21214,6.01956,5.84102,5.66371,5.62657,5.28767,5.1119,5.01851
mys,Malaysia,4.16177,3.75092,3.39899,3.04175,2.73176,2.46576,2.22998,2.01704,1.83129,1.65097,1.62145,1.5577,1.48515,1.41425,1.35739,1.30304,1.25271,1.20028,1.17525,1.11477,1.06707,1.03194,0.98872,0.94399,0.90729,0.86879,0.82913,0.79543,0.76408,0.75378,0.70412,0.67832,0.66094
nam,Namibia,13.26627,13.19008,13.07721,12.67882,12.46218,12.17202,11.89044,10.73925,9.76158,8.53022,7.59814,6.71267,6.04449,5.34624,4.70257,4.11992,3.68963,3.2597,2.97363,2.62348,3.90807,5.76523,4.59202,6.14756,4.90305,3.88022,4.2222,4.57686,4.25154,4.37147,4.13733,3.99096,3.89561
ner,Niger,37.57388,37.38055,37.1336,37.04701,36.75771,36.51779,36.23391,35.89762,35.43667,34.99624,34.73941,34.27256,33.82005,33.3396,32.83718,32.28554,31.73719,31.34892,31.01442,30.78954,30.12564,31.56863,32.79589,33.96082,33.594,33.29663,32.94696,32.16648,30.92349,31.35428,30.85822,30.65815,30.26677
nga,Nigeria,20.55734,20.51931,20.50461,20.51122,20.5703,20.54647,20.45927,20.24192,20.10055,19.88608,19.63609,19.4222,19.09877,18.70129,18.2618,17.86176,17.42079,16.98267,16.47618,16.04999,15.56494,15.02959,14.46687,13.88253,13.27298,12.72137,12.22684,11.72933,11.20807,11.28001,10.61354,10.26413,9.88764
nic,Nicaragua,13.18562,13.21419,13.25566,13.2784,13.27008,13.23472,13.16424,13.07006,12.96014,12.81917,12.58629,12.95169,13.29083,13.63497,13.93218,13.47019,12.99392,12.51851,12.03472,11.58122,11.12166,10.60587,10.21522,9.81097,9.36856,8.9006,8.43597,8.00091,7.59663,7.69667,7.24861,7.01323,6.71306
nld,Netherlands,1.68039,1.23284,1.39292,1.27934,1.251,1.10431,1.05794,0.8831,0.80914,0.87258,0.74061,0.57856,0.51997,0.47864,0.59826,0.60371,0.55141,0.46741,0.4635,0.64083,0.55886,0.51392,0.49308,0.46176,0.51461,0.41549,0.28333,0.30893,0.31785,0.32002,0.36214,0.411,0.31916
nor,Norway,1.6726,1.31978,1.16753,0.99849,1.04375,1.00075,0.64455,0.77055,0.41844,0.37616,0.45802,0.37277,0.37527,0.30164,0.26956,0.45298,0.30928,0.38731,0.32946,0.20957,0.17838,0.29337,0.30303,0.21023,0.27412,0.24867,0.07709,0.19505,0.15889,0.15238,0.17554,0.20075,0.19305
npl,Nepal,51.46231,51.35195,51.15794,51.02384,50.82997,50.6367,50.4135,50.09975,49.81315,49.52164,49.14168,48.67761,48.221,47.84117,47.31088,46.79526,46.23357,45.81215,45.40833,45.06638,44.64603,44.21174,43.74286,43.28461,42.80843,42.18032,41.66238,41.30492,40.96895,41.02591,39.93639,39.32455,38.89982
nzl,New Zealand,1.95276,1.91538,1.87603,1.83352,1.78768,1.73827,1.68465,1.62602,1.56573,1.50216,1.43486,1.37106,1.31196,1.25725,1.20616,1.15879,1.11568,1.07324,1.0326,0.99457,0.95807,0.92314,0.89072,0.85932,0.8298,0.80202,0.77583,0.75086,0.72725,0.73315,0.74239,0.71842,0.70289
omn,Oman,1.3047,1.30674,1.28505,1.24448,1.23109,1.22079,1.19139,1.10609,1.11188,1.15846,1.08078,1.03645,1.00705,0.99639,1.0218,1.0075,0.95623,1.00748,0.87321,0.88058,0.89752,0.87626,0.84455,0.79463,0.71188,0.65636,0.66408,0.69072,0.64783,0.64564,0.6464,0.6214,0.60212
pak,Pakistan,22.60774,22.66079,22.58814,22.52522,22.62235,22.62165,20.32546,22.37019,22.36969,21.40473,21.40551,20.82455,20.82455,24.16149,20.04747,23.88051,24.68783,26.05528,27.20239,26.65073,25.38468,24.80967,24.20029,22.60998,22.02298,21.34734,20.64919,19.89892,21.58652,21.5748,20.33184,19.93119,19.36309
pan,Panama,8.67328,8.56094,8.39355,8.18734,8.03282,7.89129,7.57398,7.40004,7.31626,7.13205,6.81515,6.56575,6.35835,5.8717,5.4183,4.97681,5.17973,4.97074,5.09932,4.42156,3.75694,4.81253,4.9414,4.54453,4.34721,4.9017,4.65061,4.71142,5.46601,5.10706,4.94717,5.51585,5.09118
per,Peru,20.51603,20.73689,20.78537,20.47402,20.08396,19.64439,18.88719,18.98014,19.33347,19.17858,18.02791,18.87967,19.67751,20.49711,19.47984,19.15032,17.05204,16.42392,16.42221,16.18852,16.17246,15.22423,14.918,14.86272,14.35623,14.27671,13.59669,13.70592,13.59773,17.08774,13.92803,12.32432,11.98475
phl,Philippines,13.28192,13.31225,13.33554,13.33871,13.34102,13.26784,13.15465,13.05251,13.60802,12.18082,13.47744,13.33694,12.74338,11.56416,12.44264,12.67769,12.52865,12.51686,12.34371,11.84385,11.88119,11.35126,10.64459,11.05018,10.21634,8.33679,6.33778,5.94958,6.14792,6.55963,6.51363,7.17354,6.79622
png,Papua New Guinea,29.27076,29.3376,29.30686,29.24422,29.15114,29.02653,28.86393,28.68309,28.44173,28.38581,28.28039,28.14244,27.96782,27.6978,27.34031,26.92047,26.32014,25.89978,25.27209,24.68818,23.98835,23.2664,22.62521,22.10573,21.40199,20.62127,19.89057,19.11695,18.31182,17.72058,16.95447,16.55998,16.03568
pol,Poland,6.87434,6.56742,6.78797,6.01037,5.99689,6.15225,5.41215,4.68669,3.97704,4.84733,5.48048,5.70177,5.32251,5.36395,5.25293,4.53621,4.21825,4.12006,3.96328,3.88215,3.72487,3.52393,3.2994,3.09293,2.95513,2.64172,2.61113,2.4046,2.14682,2.18241,1.2157,1.09106,0.87734
prk,North Korea,49.02285,48.86718,48.71054,48.52137,48.32337,48.08027,47.80682,47.53313,47.26999,46.86775,46.39258,45.88667,45.35822,44.84609,44.32049,43.76124,43.26876,42.80832,42.31852,41.87496,41.40802,40.90052,40.38949,39.84361,39.32326,38.8392,38.31535,37.81538,37.37104,37.27272,36.24522,35.67475,35.36032
prt,Portugal,2.1605,1.71335,1.78851,2.0752,1.97132,1.5999,1.48142,2.25189,1.9969,2.2549,2.26819,1.828,1.5533,1.43706,1.45282,1.21254,1.06154,0.90515,0.85917,0.94255,0.60913,0.66043,0.66821,0.53269,0.50531,0.62885,0.46306,0.42054,0.36267,0.30967,0.43512,0.66319,0.51278
pry,Paraguay,9.66918,9.61745,9.53182,9.43002,9.26489,9.17393,9.05506,8.87693,9.35462,9.75073,10.18997,12.41699,10.02889,10.23999,9.46948,10.32453,8.17417,8.39584,8.81116,7.89975,7.40403,6.53942,6.73748,5.59928,7.98279,7.54783,7.50063,7.52155,7.06725,7.91129,7.60374,6.12757,5.98875
pse,Palestine,13.07247,12.88665,12.70886,12.60108,12.3743,12.27495,11.87661,11.11789,10.1545,9.57545,9.16408,10.2634,11.49229,11.20152,10.27086,11.38069,12.30817,9.74169,7.96532,7.13303,8.29015,8.6622,7.35594,6.84598,6.69174,5.3873,4.50785,4.32093,3.88756,4.09636,4.25341,3.72807,
qat,Qatar,0.01385,0.01413,0.01364,0.01386,0.01405,0.01394,0.01403,0.0135,0.01609,0.02011,0.02106,0.02282,0.0254,0.02692,0.02983,0.02897,0.03088,0.03556,0.03368,0.03919,0.04452,0.04843,0.05258,0.01363,0.00335,0.00225,0.00235,0.00217,0.00192,0.00194,0.00195,0.00187,0.00186
rou,Romania,15.14643,15.25918,15.21931,15.22274,14.57927,16.02521,18.05794,18.87601,20.34482,20.72391,20.36793,15.33845,16.0452,14.33233,13.89835,13.15363,12.56579,11.80327,11.99652,12.56806,12.30817,12.16732,11.77178,11.55286,9.567,8.48138,8.1654,7.91505,7.46681,7.21504,6.75128,6.52931,6.39324
rus,Russia,0.10331,0.09991,0.118,0.11731,0.15277,0.15097,0.07997,0.08552,0.17277,0.1301,0.05912,0.08235,0.11202,0.08725,0.1048,0.08394,0.11068,0.12638,0.32863,0.4248,0.29196,0.39697,0.37652,0.39311,0.36696,0.40435,0.37876,0.41441,0.35952,0.38106,0.34025,0.29786,0.25637
rwa,Rwanda,8.87231,8.80501,8.77346,8.80204,8.58859,8.57316,8.46496,8.30979,8.06139,7.76185,7.46327,7.11958,6.77658,6.47675,6.17377,5.86757,5.56659,5.28919,5.02761,4.79729,4.59577,4.38389,4.17503,4.00143,3.81765,3.65806,3.42012,3.52748,3.03561,3.3499,1.85412,2.30617,2.33342
sau,Saudi Arabia,0.33439,0.34726,0.2938,0.26096,0.23736,0.22228,0.19622,0.16427,0.157,0.15463,0.13399,0.12091,0.11086,0.10303,0.09741,0.08752,0.07914,0.0745,0.05726,0.05317,0.05021,0.04346,0.03706,0.03184,0.02409,0.02075,0.01846,0.03404,0.16802,0.05481,0.27865,0.25295,0.24632
sdn,Sudan,28.66884,28.43398,28.10704,27.88388,27.74328,27.65716,27.03258,26.39412,25.89418,25.35907,24.85955,24.37059,23.72338,23.03247,22.36308,21.51209,20.80016,19.71048,19.39214,19.07236,18.02525,17.73438,17.29057,16.82726,16.07313,15.14325,14.08746,13.19477,12.41133,12.13038,11.33436,10.48718,
sen,Senegal,36.80337,36.61912,36.41351,36.33432,36.08943,35.81294,35.45864,35.07045,34.50479,33.94092,33.34791,32.7654,32.23317,31.72771,31.14068,30.54641,29.96967,29.46057,28.93073,28.36115,27.69749,27.46007,27.00324,25.83075,23.9385,29.53225,21.13608,17.16585,13.71394,13.55316,13.1394,12.84356,12.49722
sgp,Singapore,1.07813,0.94628,0.89808,1.09015,1.17052,1.19771,1.06013,1.1112,1.15254,1.10682,1.02369,0.86416,0.81604,0.78421,0.72809,0.66787,0.79304,0.64791,0.61519,0.55018,0.74038,0.62725,0.52523,0.54197,0.38176,0.3807,0.38798,0.39561,0.39076,0.40532,0.42764,0.22765,0.24206
slb,Solomon Islands,64.29903,64.33405,64.32336,64.29344,64.2995,64.16851,64.04066,63.82192,63.61625,63.4379,63.11363,63.15695,63.07552,62.79445,62.24283,61.84536,61.34782,60.84535,60.31858,59.73373,59.10026,58.3241,57.48225,56.70006,55.82397,54.93166,53.94147,52.93142,51.81288,51.84746,50.7473,50.11564,49.26325
sle,Sierra Leone,12.08205,12.03619,11.96651,11.88028,11.79588,11.67367,11.54896,11.3753,11.17657,10.91918,10.66592,10.32983,9.99352,9.66712,9.30048,8.95857,8.62609,8.29225,8.00011,7.72452,7.47198,7.25152,7,6.64878,6.39917,6.27211,6.11704,5.95768,5.7924,5.79554,5.45498,5.2795,5.17738
slv,El Salvador,7.86879,7.97947,7.96819,8.03866,8.79521,9.89229,8.11699,8.06743,8.00848,7.94136,10.80944,9.02819,8.81909,7.87408,9.79107,9.50201,9.56563,8.2628,7.10683,6.98609,7.47159,7.74449,7.67241,7.36937,6.88581,7.1022,6.99059,5.93609,5.69919,5.44188,4.82879,4.31633,4.38988
som,Somalia,18.62139,18.46711,18.31118,18.25055,18.19874,18.1027,18.00549,17.8588,17.65397,17.39111,17.11708,16.80917,16.50094,16.18983,15.87322,15.53659,14.97732,14.69432,14.4057,14.1183,13.824,13.47416,13.11632,12.74353,12.34281,11.95789,11.56447,11.21605,10.89999,10.96344,10.36738,10.05227,9.90932
srb,Serbia,14.49819,14.33626,14.17484,14.00488,13.72286,13.56632,13.35935,13.00195,12.62814,12.1823,11.92796,11.67248,11.41117,10.83001,10.43996,9.90217,9.46476,9.01247,8.85264,8.09141,7.94997,7.54959,7.68549,8.2816,8.12584,8.04315,5.78395,5.56614,4.72697,4.59371,5.69027,6.24223,5.95458
ssd,South Sudan,51.2228,51.15016,51.05481,50.99505,50.92624,50.8432,50.55081,50.18258,49.81226,49.388,48.84154,48.23931,47.57032,46.83742,46.01696,45.03902,43.87438,42.55469,40.97822,39.62414,38.3634,37.43515,35.72318,33.55403,31.27135,29.43377,27.60118,25.52718,23.224,23.35173,22.3543,21.81763,20.67303
stp,Sao Tome and Principe,7.88613,7.90813,7.91839,7.91473,7.90489,7.8702,7.82742,7.76132,7.68046,7.58443,7.47669,7.34601,7.15202,6.96237,6.76508,6.55763,6.35344,6.06401,5.89186,5.65924,5.44129,5.19725,4.95843,4.719,4.49326,4.25499,4.01801,3.77604,3.54625,3.57615,3.35281,3.23664,3.09494
sur,Suriname,1.23143,1.22513,1.39475,0.77173,0.97396,1.96902,2.00465,1.1784,1.28348,1.40962,1.53931,1.69924,1.81966,1.9293,2.04402,2.15848,2.29289,2.41754,2.60772,2.79728,2.98252,3.18588,3.44392,3.7075,4.11889,4.47813,4.43059,4.45015,4.44306,4.63334,4.35673,4.21739,4.22714
svk,Slovak Republic,0.12857,0.11892,0.11476,0.10901,0.10713,0.13036,0.08611,0.10963,0.14338,0.13831,0.12488,0.12688,0.13029,0.1417,0.06791,0.167,0.40599,0.17703,0.15394,0.1331,0.06517,0.08052,0.09907,0.12387,0.15302,0.10806,0.10433,0.10095,0.09771,0.09742,0.0979,0.04394,0.04769
svn,Slovenia,3.74365,3.60512,3.19527,5.40539,4.64858,4.21758,6.61981,6.60752,5.76302,4.78224,5.16859,4.50881,4.0722,5.26309,4.78439,4.7503,4.58994,3.96926,5.20341,4.78316,4.12897,3.92745,4.6829,5.67526,3.92966,2.26919,2.69316,2.60446,1.61053,1.53515,1.71535,1.91377,1.87954
swe,Sweden,0.34122,0.38013,0.47931,0.50915,0.52927,0.54748,0.50577,0.51387,0.52112,0.46965,0.45381,0.46916,0.41388,0.44313,0.31689,0.27428,0.28407,0.25452,0.21386,0.25117,0.2061,0.23478,0.21658,0.21715,0.24565,0.25553,0.25348,0.1901,0.2496,0.28162,0.35883,0.48906,0.46935
swz,Eswatini,4.93505,4.93814,4.94535,4.94919,4.94745,4.93089,4.90999,4.8817,4.8365,4.78139,4.71694,4.64503,4.54258,4.43627,4.32308,4.18605,4.04683,3.89909,3.76027,3.61211,3.46514,3.31453,3.15424,3.00189,2.84689,2.69774,2.54565,2.40174,2.26233,2.34813,2.19461,2.11346,2.01333
syr,Syria,21.04556,20.82395,20.55064,20.23407,19.85032,19.25326,18.59481,17.79234,17.1394,16.57845,16.46933,14.92178,13.3156,11.666,10.1438,8.76715,8.89608,6.30104,4.22987,3.80172,3.15912,2.75675,2.664,2.59083,2.43495,2.28168,2.11379,1.92841,1.76297,1.79273,1.6771,1.62077,1.53523
tcd,Chad,29.57047,29.13551,28.63383,28.44122,28.21129,27.99056,27.6858,27.35016,26.94258,26.57762,26.23814,25.82272,25.43891,25.03888,24.13741,23.66344,23.14746,22.78535,22.21825,21.96509,21.75469,21.49251,20.936,20.63384,20.38969,20.0245,19.73058,19.41895,19.0517,18.99799,18.15766,17.7076,17.48137
tgo,Togo,31.53851,31.389,31.31407,31.00419,30.81333,30.51386,30.09215,29.40951,28.9955,28.61938,28.18367,27.85226,27.33493,26.81212,26.3779,25.91327,25.53226,25.07687,24.62614,24.12485,23.62392,22.94713,22.46311,22.02699,21.37505,20.81646,20.30831,19.86294,19.3103,18.6715,17.35465,15.82666,15.53327
tha,Thailand,37.83978,38.37177,34.31089,33.9941,31.23534,28.93668,30.33222,29.7685,27.11738,27.33617,24.69433,25.56811,24.60441,22.16003,21.56028,21.51935,21.03452,22.25385,20.38773,20.95349,23.55564,23.98063,20.37259,17.93198,17.0587,16.56775,16.46576,16.89684,16.34833,16.06863,16.50749,15.63264,15.52719
tjk,Tajikistan,18.60815,18.7205,18.86341,19.07615,19.31815,19.57018,19.71628,19.71179,19.685,19.47654,19.1814,18.79964,18.36903,17.88531,17.40672,16.93476,16.44585,17.65845,18.80444,18.26773,17.67375,17.07809,16.43781,15.82275,15.15927,14.51971,13.84483,13.17666,12.50285,12.44019,11.77481,11.42218,10.94943
tkm,Turkmenistan,6.76604,6.52718,6.47885,6.43173,6.3691,6.28015,6.35643,6.27361,6.26175,6.18178,5.88545,5.65414,5.43965,5.181,4.92817,4.66593,4.3067,3.8034,3.55126,3.3388,3.08211,2.89947,2.77671,2.66815,2.59985,2.5061,2.44244,2.37154,2.31465,2.33278,2.18272,2.10582,2.06143
tls,Timor-Leste,46.28521,46.25664,46.20742,46.10862,45.9803,45.82955,45.66075,45.41644,45.05914,44.67668,44.03484,43.81059,43.50433,43.23504,42.89404,42.74464,42.39007,41.93643,41.20437,40.43973,39.84394,39.15131,38.48363,37.59711,36.88213,36.09574,35.19203,34.46487,33.9201,33.81404,32.70419,32.09665,31.09699
ton,Tonga,8.97478,9.00736,9.01578,8.95789,8.93116,8.88521,8.8195,8.75865,8.67959,8.57312,8.42741,8.25119,8.07581,7.89634,7.70071,7.45393,7.27859,7.04327,6.84498,6.64576,6.40344,6.15223,5.88475,5.61339,5.35665,5.07955,4.80731,4.53228,4.26763,4.25659,3.9916,3.85024,3.68775
tto,Trinidad and Tobago,3.47169,3.63196,3.80467,3.77311,3.28803,2.3027,2.27381,1.92137,1.81662,1.44373,1.07913,1.01925,0.96237,0.89841,0.87899,0.83005,0.7795,0.77676,0.72236,0.66627,0.72749,0.50367,0.46212,0.40103,0.30984,0.4343,0.42501,0.42322,0.41072,0.41556,0.50349,0.44743,0.45658
tun,Tunisia,1.73416,1.68498,1.64941,1.57096,1.81221,2.07049,2.35852,2.67609,3.0186,3.39749,3.82908,4.36121,4.96867,5.61118,6.33723,6.92071,5.48367,4.4588,4.59219,5.8412,4.29211,4.34116,3.77689,4.14894,2.61157,2.23987,2.79233,2.66466,2.52475,2.65599,2.50733,2.41735,2.32002
tur,Turkey,24.56363,24.34124,24.08376,23.70721,23.44242,23.12627,22.79411,22.56129,22.44682,21.5919,22.60142,20.86191,19.56803,17.15202,15.04912,13.13471,12.67824,12.67127,13.49133,13.63339,13.68576,13.15803,12.60138,12.1487,11.65972,11.22687,11.11642,10.4691,10.29584,9.21357,9.33583,8.50456,7.76917
tza,Tanzania,46.4358,46.2832,46.13446,45.88263,45.69779,45.39608,44.94254,44.51396,44.0307,43.45768,42.88328,42.34361,41.81833,41.20109,40.50966,39.83081,38.97305,38.52891,37.83928,36.90678,37.45326,36.79285,36.18567,35.49859,34.60043,33.74114,32.94543,32.12238,31.30704,30.96208,29.90239,29.29379,28.94619
uga,Uganda,27.75272,27.54567,27.22611,26.9946,26.61788,26.18365,25.76806,25.28712,24.76666,24.20878,23.59767,22.95831,22.36218,21.75476,21.19828,20.53739,19.9096,19.32618,18.50654,17.6764,16.77184,16.38805,13.49902,10.35155,8.22524,6.3983,4.95247,5.45148,5.9653,6.67353,7.06257,6.77903,6.69141
ukr,Ukraine,4.35212,4.36624,4.37774,4.42135,4.46921,4.51284,4.53954,4.55042,4.54843,4.50685,4.42107,4.32197,4.20489,4.05948,3.9287,3.78582,3.6297,3.47628,3.37305,3.26788,3.14791,3.01369,2.87888,2.75908,2.65819,2.54407,2.41749,2.28349,2.14982,2.1031,1.95758,,
ury,Uruguay,1.81859,1.82489,1.71312,1.67949,1.63785,1.5851,1.53802,1.49428,1.45516,1.44397,1.3712,1.49937,1.35234,1.55581,1.31354,2.02198,1.77343,1.57474,1.71815,1.28303,1.28717,1.23115,1.1339,0.95095,0.87182,0.84198,0.77427,0.78141,0.78347,0.89539,0.85323,0.73078,1.09909
usa,USA,0.29222,0.29116,0.26942,0.14622,0.12427,0.1448,0.13248,0.10727,0.10079,0.10291,0.09845,0.0884,0.09175,0.08348,0.0864,0.07273,0.08975,0.08359,0.06491,0.08388,0.07619,0.0774,0.07,0.05891,0.06709,0.05836,0.05036,0.06205,0.05066,0.05625,0.07029,0.05745,0.0532
uzb,Uzbekistan,6.54739,6.58833,6.58691,6.61971,6.63093,6.62645,6.61136,6.53717,6.46445,6.37974,6.25378,6.1214,5.98332,5.82716,5.65895,5.47023,5.25959,5.03706,4.81569,4.59266,4.39271,4.19047,3.98599,3.78877,3.58546,3.38576,3.19623,3.01156,2.82338,2.81779,2.63807,2.54512,2.42444
vct,St. Vincent and the Grenadines,2.29247,2.26847,2.26453,2.26191,2.20033,2.16757,2.14515,2.08204,2.02964,1.95523,1.92122,1.81518,1.74931,1.64912,1.57148,1.50684,1.43266,1.36897,1.35528,1.34972,1.31766,1.28287,1.24962,1.22401,1.21397,1.17344,1.13013,1.07975,1.05142,1.09519,1.03176,1.00228,0.98021
ven,Venezuela,1.58062,1.53172,1.48345,1.52362,1.22743,1.33882,0.80874,1.39527,2.11482,1.71448,2.34354,2.60765,2.71854,1.95721,2.39434,1.74726,1.15986,1.29938,1.13914,0.94458,1.08031,1.13186,1.01721,0.93579,0.83972,0.77947,0.83708,0.90112,1.02082,1.13877,1.06465,1.02612,1.04183
vnm,Vietnam,46.60048,46.58945,46.18456,45.80188,45.42855,45.98057,39.64339,37.85309,38.61407,37.52977,37.75029,38.22246,36.15892,32.71451,29.35808,25.94889,22.52241,19.61309,16.88702,19.4173,18.47588,17.46628,17.1695,21.42136,17.17408,16.05434,15.59348,14.93446,13.91772,13.93021,13.27517,12.89844,12.3904
vut,Vanuatu,3.96758,3.97512,3.98834,3.98297,3.98242,3.97331,3.955,3.92229,3.88968,3.844,3.7982,3.74385,3.70027,3.75993,3.87899,3.43137,4.79949,6.61596,8.99252,4.10857,3.70735,3.34239,3.00801,2.69859,2.40758,2.14335,1.90014,1.67248,1.46536,1.45294,1.34824,1.29259,1.23467
wsm,Samoa,19.30624,19.33838,19.34622,19.38128,19.32954,19.26046,19.17558,19.05668,18.91559,18.75974,18.51204,18.21799,17.87465,17.53061,17.1211,16.66388,16.29853,15.83587,15.34991,14.83223,14.29746,13.81237,13.34243,12.85625,12.35815,11.79316,11.21763,10.65077,10.08488,10.0428,9.42054,9.09207,8.76021
yem,Yemen,17.61962,17.43582,17.22675,17.01759,16.84499,16.68793,16.41373,15.92369,15.68423,15.42658,14.928,14.5125,14.1443,13.81957,13.51053,13.15193,12.81606,12.58709,12.22651,12.01395,11.90093,11.73527,11.59275,11.43503,11.30141,11.51767,11.65383,11.71213,11.67362,11.64601,11.02803,10.71248,10.58055
zaf,South Africa,2.35371,2.34208,2.3333,2.30291,2.26623,2.22336,2.18298,2.13031,2.04241,1.91853,1.99045,1.55746,1.28707,1.20784,1.06782,1.1106,0.90951,0.85658,0.85757,0.85413,0.75775,0.65977,0.63589,0.55544,0.56308,0.48743,0.53632,0.52279,0.55544,0.69057,0.75791,0.65776,0.59157
zmb,Zambia,10.72718,10.76748,10.77919,10.7288,10.71747,10.73073,10.68699,10.624,10.54127,10.55863,10.45706,10.35608,10.20451,10.04971,9.8521,9.65426,9.41402,9.12626,8.67352,8.24263,8.04154,7.71427,7.15483,6.74973,6.20447,5.75167,5.44914,6.42969,2.89327,2.63156,3.49305,3.17247,2.95594
zwe,Zimbabwe,1.28696,1.27367,1.25636,1.23581,1.21341,1.18663,1.15565,1.12567,1.10149,1.07872,1.06087,1.03938,1.02477,1.02482,1.03994,1.07347,1.03532,1.0125,0.99614,0.97574,0.90061,1.05637,1.24333,1.46913,1.6341,1.83002,2.09711,2.34436,2.64163,1.61302,0.9569,0.43005,0.44726
